-- phpMyAdmin SQL Dump
-- version 5.2.1
-- https://www.phpmyadmin.net/
--
-- Host: 127.0.0.1
-- Generation Time: Jan 01, 2025 at 05:40 PM
-- Server version: 10.4.32-MariaDB
-- PHP Version: 8.2.12

SET SQL_MODE = "NO_AUTO_VALUE_ON_ZERO";
START TRANSACTION;
SET time_zone = "+00:00";


/*!40101 SET @OLD_CHARACTER_SET_CLIENT=@@CHARACTER_SET_CLIENT */;
/*!40101 SET @OLD_CHARACTER_SET_RESULTS=@@CHARACTER_SET_RESULTS */;
/*!40101 SET @OLD_COLLATION_CONNECTION=@@COLLATION_CONNECTION */;
/*!40101 SET NAMES utf8mb4 */;

--
-- Database: `mill`
--

-- --------------------------------------------------------

--
-- Table structure for table `bazar_tbl`
--

CREATE TABLE `bazar_tbl` (
  `bazar_id` int(11) NOT NULL,
  `member_name` varchar(255) NOT NULL,
  `amt_paid_date` varchar(255) NOT NULL,
  `member_id` int(11) NOT NULL,
  `amount` varchar(25) DEFAULT NULL
) ENGINE=InnoDB DEFAULT CHARSET=utf8mb4 COLLATE=utf8mb4_general_ci;

--
-- Dumping data for table `bazar_tbl`
--

INSERT INTO `bazar_tbl` (`bazar_id`, `member_name`, `amt_paid_date`, `member_id`, `amount`) VALUES
(1, 'Masud', '2024-07-03', 1, '2000'),
(2, 'Utshab', '2024-07-05', 2, '2000'),
(3, 'zaber', '2024-07-08', 3, '0'),
(4, 'zaber', '2024-07-10', 3, '2000'),
(5, 'sobuj', '2024-07-10', 4, '0'),
(6, 'sobuj', '2024-07-08', 4, '2000'),
(7, 'shimul', '2024-07-12', 5, '1500'),
(8, 'Nafiul', '2024-07-16', 6, '1650'),
(9, 'Nafiul', '2024-07-22', 6, '300'),
(10, 'Masud', '2024-07-24', 1, '230'),
(11, 'sobuj', '2024-07-24', 4, '200'),
(12, 'Nafiul', '2024-07-27', 6, '250'),
(13, 'Utshab', '2024-07-27', 2, '0'),
(14, 'zaber', '2024-07-27', 3, '500'),
(15, 'Utshab', '2024-07-24', 2, '200'),
(16, 'Utshab', '2024-08-02', 2, '1000'),
(17, 'Masud', '2024-08-04', 1, '100'),
(18, 'Masud', '2024-08-06', 1, '310'),
(19, 'Utshab', '2024-08-06', 2, '10'),
(20, 'zaber', '2024-08-08', 3, '1000'),
(21, 'Masud', '2024-08-09', 1, '510'),
(22, 'Nafiul', '2024-08-09', 6, '2000'),
(23, 'shimul', '2024-08-18', 5, '1000'),
(24, 'zaber', '2024-08-20', 3, '300'),
(25, 'Utshab', '2024-08-21', 2, '1000'),
(26, 'zaber', '2024-08-21', 3, '700'),
(27, 'shimul', '2024-08-23', 5, '670'),
(28, 'sobuj', '2024-08-23', 4, '330'),
(29, 'sobuj', '2024-08-24', 4, '500'),
(30, 'Masud', '2024-08-24', 1, '530'),
(31, 'zaber', '2024-08-24', 3, '1000'),
(32, 'sobuj', '2024-08-26', 4, '100'),
(33, 'Masud', '2024-08-28', 1, '660'),
(34, 'Utshab', '2024-08-30', 2, '200'),
(35, 'Nafiul', '2024-08-30', 6, '250'),
(36, 'sobuj', '2024-09-01', 4, '1000'),
(37, 'Masud', '2024-09-05', 1, '560'),
(38, 'shimul', '2024-09-07', 5, '950'),
(39, 'zaber', '2024-09-09', 3, '2000'),
(40, 'shimul', '2024-09-09', 5, '400'),
(41, 'Masud', '2024-09-08', 1, '0'),
(42, 'Nafiul', '2024-09-01', 6, '457'),
(43, 'sobuj', '2024-09-10', 4, '50'),
(44, 'Masud', '2024-09-09', 1, '2100'),
(45, 'Nafiul', '2024-09-13', 6, '1000'),
(46, 'sobuj', '2024-09-21', 4, '1140'),
(47, 'zaber', '2024-09-22', 3, '810'),
(48, 'Utshab', '2024-09-01', 2, '267'),
(49, 'zaber', '2024-09-27', 3, '1000'),
(50, 'Masud', '2024-09-27', 1, '22'),
(51, 'Nafiul', '2024-09-27', 6, '750'),
(52, 'shimul', '2024-09-28', 5, '850'),
(53, 'sobuj', '2024-09-28', 4, '260'),
(54, 'Masud', '2024-09-28', 1, '40'),
(55, 'zaber', '2024-09-28', 3, '40'),
(63, 'Masud', '2024-10-01', 1, '400'),
(64, 'Nafiul', '2024-10-01', 6, '30'),
(65, 'sobuj', '2024-10-01', 4, '2'),
(66, 'Utshab', '2024-10-01', 2, '863'),
(67, 'Nafiul', '2024-10-02', 6, '1250'),
(68, 'Masud', '2024-10-03', 1, '1000'),
(69, 'Nafiul', '2024-10-03', 6, '750'),
(70, 'sobuj', '2024-10-07', 4, '1000'),
(71, 'shimul', '2024-10-07', 5, '100'),
(72, 'zaber', '2024-10-12', 3, '1860'),
(73, 'Masud', '2024-10-17', 1, '600'),
(74, 'zaber', '2024-10-17', 3, '1500'),
(75, 'Utshab', '2024-10-21', 2, '740'),
(76, 'zaber', '2024-10-21', 3, '500'),
(77, 'shimul', '2024-10-17', 5, '200'),
(78, 'shimul', '2024-10-21', 5, '1000'),
(79, 'Masud', '2024-10-21', 1, '180'),
(80, 'sobuj', '2024-10-21', 4, '200'),
(81, 'sobuj', '2024-11-01', 4, '2035'),
(82, 'Masud', '2024-11-05', 1, '2275'),
(83, 'Utshab', '2024-11-09', 2, '2000'),
(84, 'zaber', '2024-11-13', 3, '2151'),
(85, 'shimul', '2024-11-18', 5, '2054'),
(86, 'Nafiul', '2024-11-18', 6, '2250'),
(87, 'Afridi', '2024-11-18', 9, '2390'),
(88, 'sobuj', '2024-12-01', 4, '2585'),
(89, 'Nafiul', '2024-12-05', 6, '2310'),
(90, 'Masud', '2024-12-05', 1, '2070'),
(91, 'Afridi', '2024-12-05', 9, '2140'),
(92, 'Utshab', '2024-12-05', 2, '2040');

-- --------------------------------------------------------

--
-- Table structure for table `credential`
--

CREATE TABLE `credential` (
  `flat_rent` varchar(50) NOT NULL,
  `service_charge` varchar(50) NOT NULL,
  `garbage_charge` varchar(50) NOT NULL,
  `electricity_bill` varchar(50) NOT NULL,
  `gas_bill` varchar(50) NOT NULL,
  `khala_salary` varchar(50) NOT NULL
) ENGINE=InnoDB DEFAULT CHARSET=utf8mb4 COLLATE=utf8mb4_general_ci;

--
-- Dumping data for table `credential`
--

INSERT INTO `credential` (`flat_rent`, `service_charge`, `garbage_charge`, `electricity_bill`, `gas_bill`, `khala_salary`) VALUES
('16500', '2000', '200', '2170', '3330', '4200');

-- --------------------------------------------------------

--
-- Table structure for table `meal_routine`
--

CREATE TABLE `meal_routine` (
  `meal_id` int(11) NOT NULL,
  `day_item` varchar(255) NOT NULL,
  `night_item` varchar(255) NOT NULL,
  `day` varchar(25) NOT NULL
) ENGINE=InnoDB DEFAULT CHARSET=utf8mb4 COLLATE=utf8mb4_general_ci;

--
-- Dumping data for table `meal_routine`
--

INSERT INTO `meal_routine` (`meal_id`, `day_item`, `night_item`, `day`) VALUES
(1, 'ডিম/সবজি/মুড়িঘন্ঠ', 'মুরগি', 'শনিবার'),
(2, 'ডিম/সবজি/মুড়িঘন্ঠ', 'মাছ', 'রবিবার'),
(3, 'ডিম/সবজি/মুড়িঘন্ঠ', 'মুরগি', 'সোমবার'),
(4, 'ডিম/সবজি/মুড়িঘন্ঠ', 'মাছ', 'মঙ্গলবার'),
(5, 'ডিম/সবজি/মুড়িঘন্ঠ', 'মুরগি', 'বুধবার'),
(6, 'মাছ', 'ডিম/সবজি/মুড়িঘন্ঠ', 'বৃহষ্পতিবার'),
(7, 'মুরগি', 'মাছ', 'শুক্রবার');

-- --------------------------------------------------------

--
-- Table structure for table `members`
--

CREATE TABLE `members` (
  `member_id` int(11) NOT NULL,
  `member_name` varchar(255) NOT NULL,
  `member_email` varchar(255) NOT NULL,
  `seat_type` varchar(10) NOT NULL
) ENGINE=InnoDB DEFAULT CHARSET=utf8mb4 COLLATE=utf8mb4_general_ci;

--
-- Dumping data for table `members`
--

INSERT INTO `members` (`member_id`, `member_name`, `member_email`, `seat_type`) VALUES
(1, 'Masud', 'mrmasud151821@gmail.com', 'room'),
(2, 'Utshab', 'iqbalmohammodkhanutshab@gmail.com', 'room'),
(3, 'zaber', 'zaber.hosen2@gmail.com', 'room'),
(4, 'sobuj', 'shobuj30302@gmail.com', 'room'),
(5, 'shimul', 'mr.mehidyhasanshimul123@gmail.com', 'dining'),
(6, 'Nafiul', 'nafiul@gmail.com', 'room'),
(9, 'Afridi', 'afridi@gmail.com', '');

-- --------------------------------------------------------

--
-- Table structure for table `mill_tbl`
--

CREATE TABLE `mill_tbl` (
  `mill_id` int(11) NOT NULL,
  `member_name` varchar(255) NOT NULL,
  `mill_count` float NOT NULL,
  `member_id` int(11) NOT NULL,
  `mill_date` varchar(55) NOT NULL
) ENGINE=InnoDB DEFAULT CHARSET=utf8mb4 COLLATE=utf8mb4_general_ci;

--
-- Dumping data for table `mill_tbl`
--

INSERT INTO `mill_tbl` (`mill_id`, `member_name`, `mill_count`, `member_id`, `mill_date`) VALUES
(1, 'Masud', 2, 1, '2024-07-01'),
(2, 'Utshab', 2, 2, '2024-07-01'),
(3, 'zaber', 2, 3, '2024-07-01'),
(4, 'Masud', 2, 1, '2024-07-02'),
(5, 'Utshab', 2, 2, '2024-07-02'),
(6, 'zaber', 2, 3, '2024-07-02'),
(7, 'Masud', 2, 1, '2024-07-03'),
(8, 'Utshab', 2, 2, '2024-07-03'),
(9, 'zaber', 2, 3, '2024-07-03'),
(10, 'Nafiul', 1, 6, '2024-07-03'),
(11, 'Masud', 1, 1, '2024-07-04'),
(12, 'Utshab', 1, 2, '2024-07-04'),
(13, 'zaber', 1, 3, '2024-07-04'),
(14, 'Nafiul', 1, 6, '2024-07-04'),
(15, 'Masud', 2, 1, '2024-07-05'),
(16, 'zaber', 2, 3, '2024-07-05'),
(17, 'Nafiul', 3, 6, '2024-07-05'),
(18, 'Utshab', 1, 2, '2024-07-05'),
(19, 'Masud', 2, 1, '2024-07-06'),
(20, 'Utshab', 2, 2, '2024-07-06'),
(21, 'sobuj', 2, 4, '2024-07-06'),
(22, 'Nafiul', 2, 6, '2024-07-06'),
(23, 'zaber', 2.5, 3, '2024-07-06'),
(24, 'Masud', 2, 1, '2024-07-07'),
(25, 'Utshab', 2, 2, '2024-07-07'),
(26, 'zaber', 2, 3, '2024-07-07'),
(27, 'sobuj', 2, 4, '2024-07-07'),
(28, 'Nafiul', 3, 6, '2024-07-07'),
(29, 'Utshab', 2, 2, '2024-07-08'),
(30, 'zaber', 2, 3, '2024-07-08'),
(31, 'sobuj', 2, 4, '2024-07-08'),
(32, 'Masud', 1.5, 1, '2024-07-08'),
(33, 'shimul', 1, 5, '2024-07-08'),
(34, 'Masud', 2, 1, '2024-07-09'),
(35, 'Utshab', 2, 2, '2024-07-09'),
(36, 'zaber', 2, 3, '2024-07-09'),
(37, 'sobuj', 2, 4, '2024-07-09'),
(38, 'shimul', 2, 5, '2024-07-09'),
(39, 'Nafiul', 2, 6, '2024-07-09'),
(40, 'Masud', 2, 1, '2024-07-10'),
(41, 'Utshab', 2, 2, '2024-07-10'),
(42, 'zaber', 2, 3, '2024-07-10'),
(43, 'sobuj', 2, 4, '2024-07-10'),
(44, 'shimul', 2, 5, '2024-07-10'),
(45, 'Nafiul', 2, 6, '2024-07-10'),
(46, 'Masud', 2, 1, '2024-07-11'),
(47, 'Utshab', 2, 2, '2024-07-11'),
(48, 'zaber', 2, 3, '2024-07-11'),
(49, 'shimul', 2, 5, '2024-07-11'),
(50, 'Nafiul', 3, 6, '2024-07-11'),
(51, 'sobuj', 1, 4, '2024-07-11'),
(52, 'Masud', 1, 1, '2024-07-12'),
(53, 'Utshab', 1, 2, '2024-07-12'),
(54, 'zaber', 1, 3, '2024-07-12'),
(55, 'sobuj', 1, 4, '2024-07-12'),
(56, 'shimul', 1, 5, '2024-07-12'),
(57, 'Nafiul', 2, 6, '2024-07-12'),
(58, 'Masud', 2, 1, '2024-07-13'),
(59, 'Utshab', 2, 2, '2024-07-13'),
(60, 'zaber', 2, 3, '2024-07-13'),
(61, 'sobuj', 2, 4, '2024-07-13'),
(62, 'shimul', 2, 5, '2024-07-13'),
(63, 'Nafiul', 2, 6, '2024-07-13'),
(64, 'Masud', 2, 1, '2024-07-14'),
(65, 'Utshab', 2, 2, '2024-07-14'),
(66, 'shimul', 2, 5, '2024-07-14'),
(67, 'Nafiul', 3, 6, '2024-07-14'),
(68, 'sobuj', 2, 4, '2024-07-14'),
(69, 'Masud', 2, 1, '2024-07-15'),
(70, 'Utshab', 2, 2, '2024-07-15'),
(71, 'zaber', 2, 3, '2024-07-15'),
(72, 'sobuj', 2, 4, '2024-07-15'),
(73, 'shimul', 2, 5, '2024-07-15'),
(74, 'Nafiul', 3, 6, '2024-07-15'),
(75, 'Masud', 2, 1, '2024-07-16'),
(76, 'Utshab', 2, 2, '2024-07-16'),
(77, 'zaber', 2, 3, '2024-07-16'),
(78, 'shimul', 2, 5, '2024-07-16'),
(79, 'Nafiul', 2, 6, '2024-07-16'),
(80, 'sobuj', 1.5, 4, '2024-07-16'),
(81, 'Masud', 2, 1, '2024-07-17'),
(82, 'Utshab', 2, 2, '2024-07-17'),
(83, 'zaber', 2, 3, '2024-07-17'),
(84, 'sobuj', 2, 4, '2024-07-17'),
(85, 'shimul', 2, 5, '2024-07-17'),
(86, 'Nafiul', 2, 6, '2024-07-17'),
(87, 'Masud', 1, 1, '2024-07-18'),
(88, 'Utshab', 1, 2, '2024-07-18'),
(89, 'sobuj', 1, 4, '2024-07-18'),
(90, 'Nafiul', 1, 6, '2024-07-18'),
(91, 'zaber', 2, 3, '2024-07-18'),
(92, 'Masud', 1, 1, '2024-07-19'),
(93, 'Utshab', 1, 2, '2024-07-19'),
(94, 'zaber', 1, 3, '2024-07-19'),
(95, 'sobuj', 1, 4, '2024-07-19'),
(96, 'Nafiul', 1, 6, '2024-07-19'),
(97, 'Masud', 2, 1, '2024-07-20'),
(98, 'Utshab', 2, 2, '2024-07-20'),
(99, 'sobuj', 2, 4, '2024-07-20'),
(100, 'Nafiul', 1, 6, '2024-07-20'),
(101, 'zaber', 4, 3, '2024-07-20'),
(102, 'Masud', 2, 1, '2024-07-21'),
(103, 'Utshab', 2, 2, '2024-07-21'),
(104, 'sobuj', 2, 4, '2024-07-21'),
(105, 'Nafiul', 2, 6, '2024-07-21'),
(106, 'zaber', 4, 3, '2024-07-21'),
(107, 'Masud', 2, 1, '2024-07-22'),
(108, 'Utshab', 2, 2, '2024-07-22'),
(109, 'sobuj', 2, 4, '2024-07-22'),
(110, 'Nafiul', 2, 6, '2024-07-22'),
(111, 'zaber', 4, 3, '2024-07-22'),
(112, 'Masud', 2, 1, '2024-07-23'),
(113, 'Utshab', 2, 2, '2024-07-23'),
(114, 'sobuj', 2, 4, '2024-07-23'),
(115, 'Nafiul', 2, 6, '2024-07-23'),
(116, 'zaber', 4, 3, '2024-07-23'),
(117, 'Masud', 2, 1, '2024-07-24'),
(118, 'Utshab', 2, 2, '2024-07-24'),
(119, 'sobuj', 2, 4, '2024-07-24'),
(120, 'Nafiul', 4, 6, '2024-07-24'),
(121, 'zaber', 4, 3, '2024-07-24'),
(122, 'Masud', 2, 1, '2024-07-25'),
(123, 'Utshab', 2, 2, '2024-07-25'),
(124, 'zaber', 2, 3, '2024-07-25'),
(125, 'sobuj', 2, 4, '2024-07-25'),
(126, 'Nafiul', 1, 6, '2024-07-25'),
(127, 'Utshab', 2, 2, '2024-07-27'),
(128, 'sobuj', 1, 4, '2024-07-27'),
(129, 'Masud', 1, 1, '2024-07-27'),
(130, 'Nafiul', 4, 6, '2024-07-27'),
(131, 'zaber', 4, 3, '2024-07-27'),
(132, 'Utshab', 2, 2, '2024-07-26'),
(133, 'sobuj', 2, 4, '2024-07-26'),
(134, 'Masud', 1, 1, '2024-07-26'),
(135, 'Nafiul', 4, 6, '2024-07-26'),
(136, 'zaber', 4, 3, '2024-07-26'),
(137, 'Masud', 2, 1, '2024-07-28'),
(138, 'Utshab', 2, 2, '2024-07-28'),
(139, 'sobuj', 2, 4, '2024-07-28'),
(140, 'zaber', 3, 3, '2024-07-28'),
(141, 'Masud', 0, 1, '2024-07-29'),
(142, 'Utshab', 0, 2, '2024-07-29'),
(143, 'zaber', 0, 3, '2024-07-29'),
(144, 'Masud', 0, 1, '2024-07-30'),
(145, 'Utshab', 0, 2, '2024-07-30'),
(146, 'zaber', 0, 3, '2024-07-30'),
(147, 'Masud', 0, 1, '2024-07-31'),
(148, 'Utshab', 0, 2, '2024-07-31'),
(149, 'zaber', 0, 3, '2024-07-31'),
(150, 'Masud', 1, 1, '2024-08-02'),
(151, 'Utshab', 1, 2, '2024-08-02'),
(152, 'zaber', 1, 3, '2024-08-02'),
(153, 'Masud', 2, 1, '2024-08-03'),
(154, 'Utshab', 2, 2, '2024-08-03'),
(155, 'zaber', 1, 3, '2024-08-03'),
(156, 'Masud', 2, 1, '2024-08-04'),
(157, 'Utshab', 2, 2, '2024-08-04'),
(158, 'zaber', 2, 3, '2024-08-04'),
(159, 'Masud', 1, 1, '2024-08-05'),
(160, 'Utshab', 1, 2, '2024-08-05'),
(161, 'zaber', 1, 3, '2024-08-05'),
(162, 'Masud', 1, 1, '2024-08-06'),
(163, 'Utshab', 1, 2, '2024-08-06'),
(164, 'zaber', 1, 3, '2024-08-06'),
(165, 'Masud', 1, 1, '2024-08-07'),
(166, 'Utshab', 1, 2, '2024-08-07'),
(167, 'zaber', 1, 3, '2024-08-07'),
(168, 'Masud', 1, 1, '2024-08-08'),
(169, 'Utshab', 1, 2, '2024-08-08'),
(170, 'zaber', 2, 3, '2024-08-08'),
(171, 'Utshab', 1, 2, '2024-08-10'),
(172, 'Utshab', 2, 2, '2024-08-09'),
(173, 'Masud', 1, 1, '2024-08-09'),
(174, 'zaber', 4, 3, '2024-08-09'),
(175, 'Masud', 1, 1, '2024-08-10'),
(176, 'Nafiul', 1, 6, '2024-08-10'),
(177, 'zaber', 1, 3, '2024-08-10'),
(178, 'Masud', 1, 1, '2024-08-11'),
(179, 'Utshab', 1, 2, '2024-08-11'),
(180, 'zaber', 1, 3, '2024-08-11'),
(181, 'Nafiul', 1, 6, '2024-08-11'),
(182, 'Masud', 2, 1, '2024-08-12'),
(183, 'Utshab', 2, 2, '2024-08-12'),
(184, 'Nafiul', 1, 6, '2024-08-12'),
(185, 'shimul', 1.5, 5, '2024-08-12'),
(186, 'zaber', 4, 3, '2024-08-12'),
(187, 'Masud', 2, 1, '2024-08-13'),
(188, 'Utshab', 2, 2, '2024-08-13'),
(189, 'zaber', 2, 3, '2024-08-13'),
(190, 'shimul', 2, 5, '2024-08-13'),
(191, 'Nafiul', 2, 6, '2024-08-13'),
(192, 'Masud', 2, 1, '2024-08-14'),
(193, 'Utshab', 2, 2, '2024-08-14'),
(194, 'shimul', 2, 5, '2024-08-14'),
(195, 'Nafiul', 2, 6, '2024-08-14'),
(196, 'zaber', 3, 3, '2024-08-14'),
(197, 'Masud', 1, 1, '2024-08-15'),
(198, 'Utshab', 1, 2, '2024-08-15'),
(199, 'zaber', 1, 3, '2024-08-15'),
(200, 'shimul', 1, 5, '2024-08-15'),
(201, 'Nafiul', 1, 6, '2024-08-15'),
(202, 'Masud', 3, 1, '2024-08-16'),
(203, 'Utshab', 3, 2, '2024-08-16'),
(204, 'Nafiul', 4, 6, '2024-08-16'),
(205, 'shimul', 2, 5, '2024-08-16'),
(206, 'zaber', 4, 3, '2024-08-16'),
(207, 'Utshab', 1, 2, '2024-08-17'),
(208, 'shimul', 1, 5, '2024-08-17'),
(209, 'Nafiul', 1, 6, '2024-08-17'),
(210, 'zaber', 2, 3, '2024-08-17'),
(211, 'Utshab', 2, 2, '2024-08-18'),
(212, 'sobuj', 2, 4, '2024-08-18'),
(213, 'Nafiul', 1, 6, '2024-08-18'),
(214, 'zaber', 3, 3, '2024-08-18'),
(215, 'Utshab', 2, 2, '2024-08-19'),
(216, 'sobuj', 2, 4, '2024-08-19'),
(217, 'Nafiul', 2, 6, '2024-08-19'),
(218, 'shimul', 1, 5, '2024-08-19'),
(219, 'zaber', 3, 3, '2024-08-19'),
(220, 'Masud', 2, 1, '2024-08-20'),
(221, 'Utshab', 2, 2, '2024-08-20'),
(222, 'sobuj', 2, 4, '2024-08-20'),
(223, 'Nafiul', 3, 6, '2024-08-20'),
(224, 'zaber', 3, 3, '2024-08-20'),
(225, 'Masud', 2, 1, '2024-08-21'),
(226, 'sobuj', 2, 4, '2024-08-21'),
(227, 'Nafiul', 2, 6, '2024-08-21'),
(228, 'shimul', 1, 5, '2024-08-21'),
(229, 'zaber', 3, 3, '2024-08-21'),
(230, 'Utshab', 3, 2, '2024-08-21'),
(231, 'Masud', 1, 1, '2024-08-22'),
(232, 'Utshab', 1, 2, '2024-08-22'),
(233, 'sobuj', 1, 4, '2024-08-22'),
(234, 'Nafiul', 1, 6, '2024-08-22'),
(235, 'zaber', 3, 3, '2024-08-22'),
(236, 'Masud', 2, 1, '2024-08-23'),
(237, 'Utshab', 2, 2, '2024-08-23'),
(238, 'sobuj', 2, 4, '2024-08-23'),
(239, 'Nafiul', 3, 6, '2024-08-23'),
(240, 'zaber', 4, 3, '2024-08-23'),
(241, 'Masud', 2, 1, '2024-08-24'),
(242, 'Utshab', 2, 2, '2024-08-24'),
(243, 'sobuj', 2, 4, '2024-08-24'),
(244, 'Nafiul', 2, 6, '2024-08-24'),
(245, 'shimul', 1, 5, '2024-08-24'),
(246, 'zaber', 3, 3, '2024-08-24'),
(247, 'Masud', 2, 1, '2024-08-25'),
(248, 'sobuj', 2, 4, '2024-08-25'),
(249, 'shimul', 2, 5, '2024-08-25'),
(250, 'Nafiul', 2, 6, '2024-08-25'),
(251, 'Utshab', 1, 2, '2024-08-25'),
(252, 'zaber', 3, 3, '2024-08-25'),
(253, 'Masud', 2, 1, '2024-08-26'),
(254, 'sobuj', 2, 4, '2024-08-26'),
(255, 'shimul', 2, 5, '2024-08-26'),
(256, 'Nafiul', 2, 6, '2024-08-26'),
(257, 'zaber', 4, 3, '2024-08-26'),
(258, 'Masud', 2, 1, '2024-08-27'),
(259, 'sobuj', 1.75, 4, '2024-08-27'),
(260, 'shimul', 2, 5, '2024-08-27'),
(261, 'Nafiul', 3, 6, '2024-08-27'),
(262, 'zaber', 3, 3, '2024-08-27'),
(265, 'Masud', 2, 1, '2024-08-28'),
(266, 'Nafiul', 2, 6, '2024-08-28'),
(267, 'shimul', 1, 5, '2024-08-28'),
(268, 'zaber', 3, 3, '2024-08-28'),
(269, 'zaber', 3, 3, '2024-08-29'),
(270, 'shimul', 3, 5, '2024-08-29'),
(271, 'Masud', 2, 1, '2024-08-29'),
(272, 'sobuj', 1, 4, '2024-08-29'),
(273, 'Masud', 2, 1, '2024-08-30'),
(274, 'sobuj', 2, 4, '2024-08-30'),
(275, 'zaber', 4, 3, '2024-08-30'),
(276, 'Masud', 2, 1, '2024-08-31'),
(277, 'sobuj', 2, 4, '2024-08-31'),
(278, 'shimul', 2, 5, '2024-08-31'),
(279, 'zaber', 3, 3, '2024-08-31'),
(280, 'Masud', 2, 1, '2024-09-01'),
(281, 'Utshab', 2, 2, '2024-09-01'),
(282, 'sobuj', 2, 4, '2024-09-01'),
(283, 'shimul', 2, 5, '2024-09-01'),
(284, 'zaber', 4, 3, '2024-09-01'),
(285, 'Masud', 2, 1, '2024-09-02'),
(286, 'Utshab', 2, 2, '2024-09-02'),
(287, 'zaber', 2, 3, '2024-09-02'),
(288, 'sobuj', 2, 4, '2024-09-02'),
(289, 'Nafiul', 1, 6, '2024-09-02'),
(290, 'shimul', 2, 5, '2024-09-02'),
(291, 'Masud', 1, 1, '2024-09-03'),
(292, 'sobuj', 1, 4, '2024-09-03'),
(293, 'shimul', 1, 5, '2024-09-03'),
(294, 'Nafiul', 1, 6, '2024-09-03'),
(295, 'Utshab', 0, 2, '2024-09-03'),
(296, 'zaber', 2, 3, '2024-09-03'),
(297, 'Masud', 2, 1, '2024-09-04'),
(298, 'sobuj', 2, 4, '2024-09-04'),
(299, 'shimul', 2, 5, '2024-09-04'),
(300, 'Nafiul', 0.5, 6, '2024-09-04'),
(301, 'zaber', 3, 3, '2024-09-04'),
(302, 'sobuj', 2, 4, '2024-09-05'),
(303, 'shimul', 2, 5, '2024-09-05'),
(304, 'Masud', 1, 1, '2024-09-05'),
(305, 'zaber', 3, 3, '2024-09-05'),
(306, 'Masud', 2, 1, '2024-09-06'),
(307, 'sobuj', 2, 4, '2024-09-06'),
(308, 'shimul', 2, 5, '2024-09-06'),
(309, 'Nafiul', 1, 6, '2024-09-06'),
(310, 'zaber', 4, 3, '2024-09-06'),
(311, 'Masud', 2, 1, '2024-09-07'),
(312, 'sobuj', 2, 4, '2024-09-07'),
(313, 'shimul', 2, 5, '2024-09-07'),
(314, 'zaber', 3, 3, '2024-09-07'),
(315, 'Masud', 2, 1, '2024-09-08'),
(316, 'zaber', 2, 3, '2024-09-08'),
(317, 'sobuj', 2, 4, '2024-09-08'),
(318, 'shimul', 2, 5, '2024-09-08'),
(319, 'Nafiul', 1, 6, '2024-09-08'),
(320, 'Masud', 2, 1, '2024-09-09'),
(321, 'shimul', 2, 5, '2024-09-09'),
(322, 'Nafiul', 2, 6, '2024-09-09'),
(323, 'sobuj', 1, 4, '2024-09-09'),
(324, 'zaber', 3, 3, '2024-09-09'),
(325, 'Masud', 2, 1, '2024-09-10'),
(326, 'sobuj', 2, 4, '2024-09-10'),
(327, 'shimul', 2, 5, '2024-09-10'),
(328, 'Nafiul', 2, 6, '2024-09-10'),
(329, 'zaber', 4, 3, '2024-09-10'),
(330, 'Masud', 2, 1, '2024-09-11'),
(331, 'sobuj', 2, 4, '2024-09-11'),
(332, 'shimul', 2, 5, '2024-09-11'),
(333, 'Nafiul', 2, 6, '2024-09-11'),
(334, 'zaber', 3, 3, '2024-09-11'),
(335, 'Masud', 2, 1, '2024-09-12'),
(336, 'sobuj', 2, 4, '2024-09-12'),
(337, 'shimul', 2, 5, '2024-09-12'),
(338, 'Nafiul', 2, 6, '2024-09-12'),
(339, 'zaber', 4, 3, '2024-09-12'),
(340, 'Masud', 2, 1, '2024-09-13'),
(341, 'sobuj', 2, 4, '2024-09-13'),
(342, 'shimul', 2, 5, '2024-09-13'),
(343, 'Nafiul', 2, 6, '2024-09-13'),
(344, 'zaber', 4, 3, '2024-09-13'),
(345, 'Masud', 2, 1, '2024-09-14'),
(346, 'sobuj', 2, 4, '2024-09-14'),
(347, 'shimul', 2, 5, '2024-09-14'),
(348, 'Nafiul', 2, 6, '2024-09-14'),
(349, 'zaber', 4, 3, '2024-09-14'),
(350, 'Masud', 1, 1, '2024-09-15'),
(351, 'sobuj', 1, 4, '2024-09-15'),
(352, 'shimul', 1, 5, '2024-09-15'),
(353, 'Nafiul', 1, 6, '2024-09-15'),
(354, 'zaber', 2, 3, '2024-09-15'),
(355, 'Masud', 1, 1, '2024-09-16'),
(356, 'zaber', 1, 3, '2024-09-16'),
(357, 'sobuj', 1, 4, '2024-09-16'),
(358, 'shimul', 1, 5, '2024-09-16'),
(359, 'Nafiul', 1, 6, '2024-09-16'),
(360, 'Masud', 1, 1, '2024-09-17'),
(361, 'zaber', 1, 3, '2024-09-17'),
(362, 'sobuj', 1, 4, '2024-09-17'),
(363, 'shimul', 1, 5, '2024-09-17'),
(364, 'Nafiul', 1, 6, '2024-09-17'),
(365, 'zaber', 2, 3, '2024-09-18'),
(366, 'sobuj', 2, 4, '2024-09-18'),
(367, 'shimul', 2, 5, '2024-09-18'),
(368, 'Nafiul', 0.5, 6, '2024-09-18'),
(369, 'Masud', 1, 1, '2024-09-18'),
(370, 'Masud', 0, 1, '2024-09-19'),
(371, 'Utshab', 0, 2, '2024-09-19'),
(372, 'zaber', 0, 3, '2024-09-19'),
(373, 'sobuj', 0, 4, '2024-09-19'),
(374, 'shimul', 0, 5, '2024-09-19'),
(375, 'Nafiul', 0, 6, '2024-09-19'),
(376, 'sobuj', 2, 4, '2024-09-20'),
(377, 'shimul', 2, 5, '2024-09-20'),
(378, 'Nafiul', 2, 6, '2024-09-20'),
(379, 'zaber', 3, 3, '2024-09-20'),
(380, 'zaber', 1, 3, '2024-09-21'),
(381, 'sobuj', 1, 4, '2024-09-21'),
(382, 'shimul', 2, 5, '2024-09-21'),
(383, 'Masud', 1, 1, '2024-09-22'),
(384, 'sobuj', 1, 4, '2024-09-22'),
(385, 'shimul', 1, 5, '2024-09-22'),
(386, 'Nafiul', 1, 6, '2024-09-22'),
(387, 'zaber', 2, 3, '2024-09-22'),
(388, 'Masud', 2, 1, '2024-09-23'),
(389, 'sobuj', 2, 4, '2024-09-23'),
(390, 'shimul', 2, 5, '2024-09-23'),
(391, 'Nafiul', 2, 6, '2024-09-23'),
(392, 'zaber', 4, 3, '2024-09-23'),
(393, 'Masud', 2, 1, '2024-09-24'),
(394, 'sobuj', 2, 4, '2024-09-24'),
(395, 'shimul', 2, 5, '2024-09-24'),
(396, 'Nafiul', 2, 6, '2024-09-24'),
(397, 'zaber', 4, 3, '2024-09-24'),
(398, 'Masud', 2, 1, '2024-09-25'),
(399, 'sobuj', 2, 4, '2024-09-25'),
(400, 'shimul', 2, 5, '2024-09-25'),
(401, 'zaber', 4, 3, '2024-09-25'),
(402, 'Nafiul', 7, 6, '2024-09-25'),
(403, 'Masud', 1, 1, '2024-09-26'),
(404, 'shimul', 1, 5, '2024-09-26'),
(405, 'sobuj', 1, 4, '2024-09-26'),
(406, 'zaber', 5, 3, '2024-09-26'),
(407, 'Masud', 2, 1, '2024-09-27'),
(408, 'sobuj', 2, 4, '2024-09-27'),
(409, 'shimul', 2, 5, '2024-09-27'),
(410, 'zaber', 4, 3, '2024-09-27'),
(411, 'Masud', 0.5, 1, '2024-09-28'),
(412, 'Masud', 3, 1, '2024-09-29'),
(413, 'shimul', 1, 5, '2024-09-29'),
(414, 'sobuj', 2, 4, '2024-09-29'),
(415, 'zaber', 5, 3, '2024-09-29'),
(416, 'Masud', 2, 1, '2024-09-30'),
(417, 'sobuj', 2, 4, '2024-09-30'),
(418, 'shimul', 2, 5, '2024-09-30'),
(419, 'zaber', 5, 3, '2024-09-30'),
(434, 'Nafiul', 1.5, 6, '2024-10-01'),
(435, 'Masud', 2, 1, '2024-10-01'),
(436, 'shimul', 2, 5, '2024-10-01'),
(437, 'sobuj', 2, 4, '2024-10-01'),
(438, 'zaber', 4, 3, '2024-10-01'),
(439, 'Masud', 2, 1, '2024-10-02'),
(440, 'sobuj', 2, 4, '2024-10-02'),
(441, 'shimul', 2, 5, '2024-10-02'),
(442, 'Nafiul', 2, 6, '2024-10-02'),
(443, 'zaber', 4, 3, '2024-10-02'),
(444, 'Masud', 2, 1, '2024-10-03'),
(445, 'sobuj', 2, 4, '2024-10-03'),
(446, 'shimul', 2, 5, '2024-10-03'),
(447, 'Nafiul', 2, 6, '2024-10-03'),
(448, 'zaber', 4, 3, '2024-10-03'),
(449, 'Masud', 2, 1, '2024-10-04'),
(450, 'sobuj', 2, 4, '2024-10-04'),
(451, 'Nafiul', 2, 6, '2024-10-04'),
(452, 'zaber', 4, 3, '2024-10-04'),
(453, 'Masud', 2, 1, '2024-10-05'),
(454, 'sobuj', 2, 4, '2024-10-05'),
(455, 'Nafiul', 2, 6, '2024-10-05'),
(456, 'zaber', 4, 3, '2024-10-05'),
(457, 'Masud', 2, 1, '2024-10-06'),
(458, 'Nafiul', 2, 6, '2024-10-06'),
(459, 'zaber', 4, 3, '2024-10-06'),
(460, 'Masud', 1, 1, '2024-10-07'),
(461, 'sobuj', 1, 4, '2024-10-07'),
(462, 'Nafiul', 1, 6, '2024-10-07'),
(463, 'zaber', 2, 3, '2024-10-07'),
(464, 'Masud', 2, 1, '2024-10-08'),
(465, 'sobuj', 2, 4, '2024-10-08'),
(466, 'Nafiul', 2, 6, '2024-10-08'),
(467, 'zaber', 5, 3, '2024-10-08'),
(468, 'Masud', 1, 1, '2024-10-09'),
(469, 'sobuj', 1, 4, '2024-10-09'),
(470, 'Nafiul', 1, 6, '2024-10-09'),
(471, 'zaber', 5, 3, '2024-10-09'),
(472, 'Masud', 1, 1, '2024-10-10'),
(473, 'Nafiul', 1, 6, '2024-10-10'),
(474, 'zaber', 4, 3, '2024-10-10'),
(475, 'Masud', 2, 1, '2024-10-11'),
(476, 'Nafiul', 2, 6, '2024-10-11'),
(477, 'zaber', 6, 3, '2024-10-11'),
(478, 'Masud', 2, 1, '2024-10-13'),
(479, 'Nafiul', 2, 6, '2024-10-13'),
(480, 'zaber', 6, 3, '2024-10-13'),
(481, 'Masud', 2, 1, '2024-10-12'),
(482, 'Nafiul', 2, 6, '2024-10-12'),
(483, 'zaber', 6, 3, '2024-10-12'),
(484, 'Masud', 2, 1, '2024-10-14'),
(485, 'Nafiul', 1, 6, '2024-10-14'),
(486, 'shimul', 1, 5, '2024-10-14'),
(487, 'zaber', 6, 3, '2024-10-14'),
(488, 'Masud', 2, 1, '2024-10-15'),
(489, 'Nafiul', 2, 6, '2024-10-15'),
(490, 'shimul', 2, 5, '2024-10-15'),
(491, 'zaber', 6, 3, '2024-10-15'),
(492, 'Utshab', 1, 2, '2024-10-15'),
(493, 'Masud', 2, 1, '2024-10-19'),
(494, 'Nafiul', 2, 6, '2024-10-19'),
(495, 'zaber', 4, 3, '2024-10-19'),
(496, 'Masud', 2, 1, '2024-10-20'),
(497, 'Utshab', 2, 2, '2024-10-20'),
(498, 'Nafiul', 2, 6, '2024-10-20'),
(499, 'zaber', 4.5, 3, '2024-10-20'),
(500, 'Utshab', 3, 2, '2024-10-16'),
(501, 'Nafiul', 1, 6, '2024-10-16'),
(502, 'zaber', 5, 3, '2024-10-16'),
(503, 'shimul', 2, 5, '2024-10-16'),
(504, 'Masud', 2, 1, '2024-10-16'),
(505, 'Masud', 2, 1, '2024-10-18'),
(506, 'Nafiul', 1, 6, '2024-10-18'),
(507, 'zaber', 3, 3, '2024-10-18'),
(508, 'Masud', 1, 1, '2024-10-17'),
(509, 'Utshab', 1, 2, '2024-10-17'),
(510, 'Nafiul', 2, 6, '2024-10-17'),
(511, 'zaber', 3, 3, '2024-10-17'),
(512, 'Masud', 2, 1, '2024-10-21'),
(513, 'Utshab', 2, 2, '2024-10-21'),
(514, 'Nafiul', 2, 6, '2024-10-21'),
(515, 'zaber', 4, 3, '2024-10-21'),
(516, 'shimul', 1, 5, '2024-10-21'),
(517, 'shimul', 2, 5, '2024-10-04'),
(518, 'sobuj', 2, 4, '2024-10-06'),
(519, 'Masud', 2, 1, '2024-10-22'),
(520, 'Utshab', 2, 2, '2024-10-22'),
(521, 'shimul', 2, 5, '2024-10-22'),
(522, 'Nafiul', 2, 6, '2024-10-22'),
(523, 'Masud', 2, 1, '2024-10-23'),
(524, 'Utshab', 2, 2, '2024-10-23'),
(525, 'shimul', 2, 5, '2024-10-23'),
(526, 'Nafiul', 2, 6, '2024-10-23'),
(527, 'Masud', 2, 1, '2024-10-24'),
(528, 'Utshab', 2, 2, '2024-10-24'),
(529, 'shimul', 2, 5, '2024-10-24'),
(530, 'Nafiul', 2, 6, '2024-10-24'),
(531, 'Masud', 2, 1, '2024-10-25'),
(532, 'shimul', 2, 5, '2024-10-25'),
(533, 'Nafiul', 2, 6, '2024-10-25'),
(534, 'zaber', 4, 3, '2024-10-22'),
(535, 'zaber', 4, 3, '2024-10-23'),
(536, 'zaber', 4, 3, '2024-10-24'),
(537, 'Utshab', 1, 2, '2024-10-25'),
(538, 'zaber', 4, 3, '2024-10-25'),
(539, 'Masud', 2, 1, '2024-10-26'),
(540, 'Utshab', 2, 2, '2024-10-26'),
(541, 'shimul', 2, 5, '2024-10-26'),
(542, 'Nafiul', 2, 6, '2024-10-26'),
(543, 'zaber', 4, 3, '2024-10-26'),
(544, 'Masud', 1, 1, '2024-10-27'),
(545, 'Nafiul', 0.5, 6, '2024-10-27'),
(546, 'shimul', 0.5, 5, '2024-10-27'),
(547, 'sobuj', 0.5, 4, '2024-10-27'),
(548, 'Utshab', 0.5, 2, '2024-10-27'),
(549, 'zaber', 1, 3, '2024-10-27'),
(550, 'Utshab', 1, 2, '2024-10-28'),
(551, 'sobuj', 1, 4, '2024-10-28'),
(552, 'Masud', 2, 1, '2024-10-28'),
(553, 'Nafiul', 2, 6, '2024-10-28'),
(554, 'zaber', 2, 3, '2024-10-28'),
(555, 'Masud', 2, 1, '2024-10-29'),
(556, 'Utshab', 2, 2, '2024-10-29'),
(557, 'sobuj', 2, 4, '2024-10-29'),
(558, 'shimul', 2, 5, '2024-10-29'),
(559, 'Nafiul', 2, 6, '2024-10-29'),
(560, 'Masud', 2, 1, '2024-10-30'),
(561, 'Utshab', 2, 2, '2024-10-30'),
(562, 'sobuj', 2, 4, '2024-10-30'),
(563, 'shimul', 2, 5, '2024-10-30'),
(564, 'Nafiul', 2, 6, '2024-10-30'),
(565, 'Masud', 2, 1, '2024-10-31'),
(566, 'Utshab', 2, 2, '2024-10-31'),
(567, 'sobuj', 2, 4, '2024-10-31'),
(568, 'shimul', 1, 5, '2024-10-31'),
(569, 'Nafiul', 3, 6, '2024-10-31'),
(570, 'zaber', 4, 3, '2024-10-29'),
(571, 'zaber', 4, 3, '2024-10-30'),
(572, 'zaber', 4, 3, '2024-10-31'),
(573, 'Masud', 2, 1, '2024-11-01'),
(574, 'sobuj', 2, 4, '2024-11-01'),
(575, 'shimul', 1, 5, '2024-11-01'),
(576, 'Afridi', 2, 9, '2024-11-01'),
(577, 'zaber', 1, 3, '2024-11-01'),
(578, 'Nafiul', 2, 6, '2024-11-01'),
(579, 'Masud', 2, 1, '2024-11-02'),
(580, 'Utshab', 2, 2, '2024-11-02'),
(581, 'zaber', 2, 3, '2024-11-02'),
(582, 'sobuj', 2, 4, '2024-11-02'),
(583, 'shimul', 2, 5, '2024-11-02'),
(584, 'Nafiul', 4, 6, '2024-11-02'),
(585, 'Afridi', 2, 9, '2024-11-02'),
(586, 'Utshab', 1, 2, '2024-11-01'),
(587, 'Masud', 2, 1, '2024-11-03'),
(588, 'Utshab', 2, 2, '2024-11-03'),
(589, 'zaber', 2, 3, '2024-11-03'),
(590, 'sobuj', 2, 4, '2024-11-03'),
(591, 'Afridi', 2, 9, '2024-11-03'),
(592, 'shimul', 1, 5, '2024-11-03'),
(593, 'Nafiul', 3, 6, '2024-11-03'),
(594, 'Masud', 2, 1, '2024-11-04'),
(595, 'Utshab', 2, 2, '2024-11-04'),
(596, 'zaber', 2, 3, '2024-11-04'),
(597, 'sobuj', 2, 4, '2024-11-04'),
(598, 'shimul', 2, 5, '2024-11-04'),
(599, 'Nafiul', 2, 6, '2024-11-04'),
(600, 'Afridi', 2, 9, '2024-11-04'),
(601, 'Masud', 2, 1, '2024-11-05'),
(602, 'Utshab', 2, 2, '2024-11-05'),
(603, 'zaber', 2, 3, '2024-11-05'),
(604, 'sobuj', 2, 4, '2024-11-05'),
(605, 'Nafiul', 2, 6, '2024-11-05'),
(606, 'Afridi', 2, 9, '2024-11-05'),
(607, 'shimul', 1, 5, '2024-11-05'),
(608, 'Masud', 2, 1, '2024-11-06'),
(609, 'Utshab', 2, 2, '2024-11-06'),
(610, 'zaber', 1, 3, '2024-11-06'),
(611, 'sobuj', 2, 4, '2024-11-06'),
(612, 'shimul', 2, 5, '2024-11-06'),
(613, 'Nafiul', 2, 6, '2024-11-06'),
(614, 'Afridi', 2, 9, '2024-11-06'),
(615, 'Masud', 2, 1, '2024-11-07'),
(616, 'Utshab', 2, 2, '2024-11-07'),
(617, 'sobuj', 2, 4, '2024-11-07'),
(618, 'shimul', 2, 5, '2024-11-07'),
(619, 'Nafiul', 2, 6, '2024-11-07'),
(620, 'Afridi', 2, 9, '2024-11-07'),
(621, 'zaber', 1, 3, '2024-11-07'),
(622, 'Masud', 2, 1, '2024-11-08'),
(623, 'Utshab', 2, 2, '2024-11-08'),
(624, 'zaber', 2, 3, '2024-11-08'),
(625, 'sobuj', 2, 4, '2024-11-08'),
(626, 'Nafiul', 2, 6, '2024-11-08'),
(627, 'Afridi', 2, 9, '2024-11-08'),
(628, 'shimul', 1, 5, '2024-11-08'),
(629, 'Masud', 2, 1, '2024-11-09'),
(630, 'Utshab', 2, 2, '2024-11-09'),
(631, 'zaber', 2, 3, '2024-11-09'),
(632, 'sobuj', 2, 4, '2024-11-09'),
(633, 'Afridi', 2, 9, '2024-11-09'),
(634, 'Nafiul', 3, 6, '2024-11-09'),
(635, 'Masud', 1, 1, '2024-11-10'),
(636, 'Utshab', 1, 2, '2024-11-10'),
(637, 'zaber', 1, 3, '2024-11-10'),
(638, 'shimul', 1, 5, '2024-11-10'),
(639, 'Nafiul', 0, 6, '2024-11-10'),
(640, 'Afridi', 2, 9, '2024-11-10'),
(641, 'Masud', 1, 1, '2024-11-11'),
(642, 'Utshab', 1, 2, '2024-11-11'),
(643, 'zaber', 1, 3, '2024-11-11'),
(644, 'sobuj', 1, 4, '2024-11-11'),
(645, 'shimul', 0, 5, '2024-11-11'),
(646, 'Nafiul', 2, 6, '2024-11-11'),
(647, 'Afridi', 1, 9, '2024-11-11'),
(648, 'zaber', 1, 3, '2024-11-12'),
(649, 'shimul', 1, 5, '2024-11-12'),
(650, 'Nafiul', 1, 6, '2024-11-12'),
(651, 'Afridi', 1, 9, '2024-11-12'),
(652, 'Masud', 1.5, 1, '2024-11-12'),
(653, 'sobuj', 1.5, 4, '2024-11-12'),
(654, 'Utshab', 1.5, 2, '2024-11-12'),
(655, 'Masud', 2, 1, '2024-11-13'),
(656, 'Utshab', 2, 2, '2024-11-13'),
(657, 'shimul', 2, 5, '2024-11-13'),
(658, 'Nafiul', 2, 6, '2024-11-13'),
(659, 'zaber', 1, 3, '2024-11-13'),
(660, 'sobuj', 3, 4, '2024-11-13'),
(661, 'Masud', 2, 1, '2024-11-14'),
(662, 'Utshab', 2, 2, '2024-11-14'),
(663, 'zaber', 2, 3, '2024-11-14'),
(664, 'sobuj', 2, 4, '2024-11-14'),
(665, 'Nafiul', 2, 6, '2024-11-14'),
(666, 'shimul', 1, 5, '2024-11-14'),
(667, 'Masud', 2, 1, '2024-11-15'),
(668, 'Utshab', 2, 2, '2024-11-15'),
(669, 'zaber', 2, 3, '2024-11-15'),
(670, 'sobuj', 2, 4, '2024-11-15'),
(671, 'Nafiul', 2, 6, '2024-11-15'),
(672, 'shimul', 1, 5, '2024-11-15'),
(673, 'Masud', 2, 1, '2024-11-16'),
(674, 'Utshab', 2, 2, '2024-11-16'),
(675, 'zaber', 2, 3, '2024-11-16'),
(676, 'sobuj', 2, 4, '2024-11-16'),
(677, 'Nafiul', 2, 6, '2024-11-16'),
(678, 'shimul', 1, 5, '2024-11-16'),
(679, 'Masud', 2, 1, '2024-11-17'),
(680, 'Utshab', 2, 2, '2024-11-17'),
(681, 'sobuj', 2, 4, '2024-11-17'),
(682, 'Nafiul', 2, 6, '2024-11-17'),
(683, 'shimul', 2, 5, '2024-11-17'),
(684, 'zaber', 1, 3, '2024-11-17'),
(685, 'Masud', 2, 1, '2024-11-18'),
(686, 'Utshab', 2, 2, '2024-11-18'),
(687, 'zaber', 2, 3, '2024-11-18'),
(688, 'sobuj', 2, 4, '2024-11-18'),
(689, 'Nafiul', 2, 6, '2024-11-18'),
(690, 'shimul', 1, 5, '2024-11-18'),
(691, 'Masud', 2, 1, '2024-11-19'),
(692, 'Utshab', 2, 2, '2024-11-19'),
(693, 'sobuj', 2, 4, '2024-11-19'),
(694, 'shimul', 2, 5, '2024-11-19'),
(695, 'Nafiul', 2, 6, '2024-11-19'),
(696, 'zaber', 1, 3, '2024-11-19'),
(697, 'Masud', 2, 1, '2024-11-20'),
(698, 'Utshab', 2, 2, '2024-11-20'),
(699, 'sobuj', 2, 4, '2024-11-20'),
(700, 'shimul', 2, 5, '2024-11-20'),
(701, 'Nafiul', 2, 6, '2024-11-20'),
(702, 'Afridi', 4, 9, '2024-11-20'),
(703, 'zaber', 1, 3, '2024-11-20'),
(704, 'Masud', 2, 1, '2024-11-21'),
(705, 'Utshab', 2, 2, '2024-11-21'),
(706, 'zaber', 2, 3, '2024-11-21'),
(707, 'sobuj', 2, 4, '2024-11-21'),
(708, 'shimul', 2, 5, '2024-11-21'),
(709, 'Nafiul', 2, 6, '2024-11-21'),
(710, 'Afridi', 4, 9, '2024-11-21'),
(711, 'Masud', 2, 1, '2024-11-22'),
(712, 'sobuj', 2, 4, '2024-11-22'),
(713, 'Nafiul', 2, 6, '2024-11-22'),
(714, 'Afridi', 4, 9, '2024-11-22'),
(715, 'shimul', 1, 5, '2024-11-22'),
(716, 'zaber', 1, 3, '2024-11-22'),
(717, 'Masud', 2, 1, '2024-11-23'),
(718, 'Utshab', 2, 2, '2024-11-23'),
(719, 'sobuj', 2, 4, '2024-11-23'),
(720, 'shimul', 2, 5, '2024-11-23'),
(721, 'Nafiul', 2, 6, '2024-11-23'),
(722, 'Afridi', 2, 9, '2024-11-23'),
(723, 'zaber', 1, 3, '2024-11-23'),
(724, 'Masud', 2, 1, '2024-11-24'),
(725, 'Utshab', 2, 2, '2024-11-24'),
(726, 'shimul', 2, 5, '2024-11-24'),
(727, 'Afridi', 2, 9, '2024-11-24'),
(728, 'Nafiul', 3, 6, '2024-11-24'),
(729, 'sobuj', 3, 4, '2024-11-24'),
(730, 'zaber', 1, 3, '2024-11-24'),
(731, 'Utshab', 2, 2, '2024-11-25'),
(732, 'sobuj', 2, 4, '2024-11-25'),
(733, 'shimul', 2, 5, '2024-11-25'),
(734, 'Nafiul', 2, 6, '2024-11-25'),
(735, 'Afridi', 2, 9, '2024-11-25'),
(736, 'Masud', 1, 1, '2024-11-25'),
(737, 'zaber', 1, 3, '2024-11-25'),
(738, 'Masud', 2, 1, '2024-11-26'),
(739, 'Utshab', 2, 2, '2024-11-26'),
(740, 'sobuj', 2, 4, '2024-11-26'),
(741, 'shimul', 2, 5, '2024-11-26'),
(742, 'Nafiul', 2, 6, '2024-11-26'),
(743, 'Afridi', 3, 9, '2024-11-26'),
(744, 'zaber', 1, 3, '2024-11-26'),
(745, 'Masud', 2, 1, '2024-11-27'),
(746, 'Utshab', 2, 2, '2024-11-27'),
(747, 'sobuj', 2, 4, '2024-11-27'),
(748, 'shimul', 2, 5, '2024-11-27'),
(749, 'Nafiul', 2, 6, '2024-11-27'),
(750, 'Afridi', 2, 9, '2024-11-27'),
(751, 'zaber', 1, 3, '2024-11-27'),
(752, 'Masud', 1, 1, '2024-11-28'),
(753, 'Utshab', 1, 2, '2024-11-28'),
(754, 'shimul', 1, 5, '2024-11-28'),
(755, 'Nafiul', 1, 6, '2024-11-28'),
(756, 'Afridi', 1, 9, '2024-11-28'),
(757, 'Masud', 1, 1, '2024-11-30'),
(758, 'Utshab', 1, 2, '2024-11-30'),
(759, 'zaber', 1, 3, '2024-11-30'),
(760, 'shimul', 1, 5, '2024-11-30'),
(761, 'Nafiul', 0, 6, '2024-11-30'),
(762, 'Afridi', 2, 9, '2024-11-30'),
(763, 'sobuj', 1, 4, '2024-11-28'),
(764, 'sobuj', 1, 4, '2024-11-30'),
(765, 'Masud', 2, 1, '2024-11-29'),
(766, 'Utshab', 1, 2, '2024-11-29'),
(767, 'sobuj', 1, 4, '2024-11-29'),
(768, 'Afridi', 1.5, 9, '2024-11-29'),
(769, 'Nafiul', 1.5, 6, '2024-11-29'),
(770, 'shimul', 1, 5, '2024-11-29'),
(771, 'zaber', 1.5, 3, '2024-11-29'),
(772, 'Masud', 1, 1, '2024-12-14'),
(773, 'Utshab', 1, 2, '2024-12-14'),
(774, 'sobuj', 1, 4, '2024-12-14'),
(775, 'shimul', 1, 5, '2024-12-14'),
(776, 'Nafiul', 1, 6, '2024-12-14'),
(777, 'Masud', 0, 1, '2025-01-01'),
(778, 'Utshab', 0, 2, '2025-01-01'),
(779, 'zaber', 0, 3, '2025-01-01'),
(780, 'sobuj', 0, 4, '2025-01-01'),
(781, 'shimul', 0, 5, '2025-01-01'),
(782, 'Nafiul', 0, 6, '2025-01-01'),
(783, 'Afridi', 0, 9, '2025-01-01'),
(784, 'Utshab', 1, 2, '2024-12-01'),
(785, 'zaber', 1, 3, '2024-12-01'),
(786, 'sobuj', 1, 4, '2024-12-01'),
(787, 'shimul', 1, 5, '2024-12-01'),
(788, 'Nafiul', 1, 6, '2024-12-01'),
(789, 'Afridi', 1, 9, '2024-12-01'),
(790, 'Utshab', 2, 2, '2024-12-02'),
(791, 'zaber', 2, 3, '2024-12-02'),
(792, 'sobuj', 2, 4, '2024-12-02'),
(793, 'shimul', 2, 5, '2024-12-02'),
(794, 'Nafiul', 2, 6, '2024-12-02'),
(795, 'Masud', 2, 1, '2024-12-03'),
(796, 'Utshab', 2, 2, '2024-12-03'),
(797, 'zaber', 2, 3, '2024-12-03'),
(798, 'shimul', 2, 5, '2024-12-03'),
(799, 'Nafiul', 2, 6, '2024-12-03'),
(800, 'Masud', 2, 1, '2024-12-01'),
(801, 'sobuj', 1, 4, '2024-12-03'),
(802, 'Afridi', 2, 9, '2024-12-03');

-- --------------------------------------------------------

--
-- Table structure for table `monthly_expense`
--

CREATE TABLE `monthly_expense` (
  `expense_id` int(11) NOT NULL,
  `flat_rent` int(10) NOT NULL,
  `service_charge` int(10) NOT NULL,
  `garbage_charge` int(10) NOT NULL,
  `electricity_bill` int(10) NOT NULL,
  `gas_bill` int(10) NOT NULL
) ENGINE=InnoDB DEFAULT CHARSET=utf8mb4 COLLATE=utf8mb4_general_ci;

-- --------------------------------------------------------

--
-- Table structure for table `monthly_expenses`
--

CREATE TABLE `monthly_expenses` (
  `expense_id` int(11) NOT NULL,
  `member` varchar(255) NOT NULL,
  `flat_rent` double NOT NULL,
  `service_charge` double NOT NULL,
  `garbage_charge` double NOT NULL,
  `electricity_bill` double NOT NULL,
  `gas_bill` double NOT NULL,
  `khala_salary` double NOT NULL,
  `total_amt` double NOT NULL
) ENGINE=InnoDB DEFAULT CHARSET=utf8mb4 COLLATE=utf8mb4_general_ci;

--
-- Dumping data for table `monthly_expenses`
--

INSERT INTO `monthly_expenses` (`expense_id`, `member`, `flat_rent`, `service_charge`, `garbage_charge`, `electricity_bill`, `gas_bill`, `khala_salary`, `total_amt`) VALUES
(1, 'Masud', 2392.5, 286, 29, 310, 476, 600, 4094),
(2, 'Utshab', 2392.5, 286, 29, 310, 476, 600, 4094),
(3, 'zaber', 2392.5, 286, 29, 310, 476, 600, 4094),
(4, 'sobuj', 2392.5, 286, 29, 310, 476, 600, 4094),
(5, 'shimul', 2145, 286, 29, 310, 476, 600, 3846),
(6, 'Nafiul', 2392.5, 286, 29, 310, 476, 600, 4094),
(7, 'Afridi', 2392.5, 286, 29, 310, 476, 600, 4094);

--
-- Indexes for dumped tables
--

--
-- Indexes for table `bazar_tbl`
--
ALTER TABLE `bazar_tbl`
  ADD PRIMARY KEY (`bazar_id`),
  ADD KEY `bazar_tbl_ibfk_1` (`member_id`);

--
-- Indexes for table `meal_routine`
--
ALTER TABLE `meal_routine`
  ADD PRIMARY KEY (`meal_id`);

--
-- Indexes for table `members`
--
ALTER TABLE `members`
  ADD PRIMARY KEY (`member_id`);

--
-- Indexes for table `mill_tbl`
--
ALTER TABLE `mill_tbl`
  ADD PRIMARY KEY (`mill_id`),
  ADD KEY `mill_tbl_ibfk_1` (`member_id`);

--
-- Indexes for table `monthly_expense`
--
ALTER TABLE `monthly_expense`
  ADD PRIMARY KEY (`expense_id`);

--
-- Indexes for table `monthly_expenses`
--
ALTER TABLE `monthly_expenses`
  ADD PRIMARY KEY (`expense_id`);

--
-- AUTO_INCREMENT for dumped tables
--

--
-- AUTO_INCREMENT for table `bazar_tbl`
--
ALTER TABLE `bazar_tbl`
  MODIFY `bazar_id` int(11) NOT NULL AUTO_INCREMENT, AUTO_INCREMENT=93;

--
-- AUTO_INCREMENT for table `meal_routine`
--
ALTER TABLE `meal_routine`
  MODIFY `meal_id` int(11) NOT NULL AUTO_INCREMENT, AUTO_INCREMENT=8;

--
-- AUTO_INCREMENT for table `members`
--
ALTER TABLE `members`
  MODIFY `member_id` int(11) NOT NULL AUTO_INCREMENT, AUTO_INCREMENT=10;

--
-- AUTO_INCREMENT for table `mill_tbl`
--
ALTER TABLE `mill_tbl`
  MODIFY `mill_id` int(11) NOT NULL AUTO_INCREMENT, AUTO_INCREMENT=803;

--
-- AUTO_INCREMENT for table `monthly_expense`
--
ALTER TABLE `monthly_expense`
  MODIFY `expense_id` int(11) NOT NULL AUTO_INCREMENT;

--
-- AUTO_INCREMENT for table `monthly_expenses`
--
ALTER TABLE `monthly_expenses`
  MODIFY `expense_id` int(11) NOT NULL AUTO_INCREMENT, AUTO_INCREMENT=8;

--
-- Constraints for dumped tables
--

--
-- Constraints for table `bazar_tbl`
--
ALTER TABLE `bazar_tbl`
  ADD CONSTRAINT `bazar_tbl_ibfk_1` FOREIGN KEY (`member_id`) REFERENCES `members` (`member_id`) ON DELETE NO ACTION ON UPDATE NO ACTION;

--
-- Constraints for table `mill_tbl`
--
ALTER TABLE `mill_tbl`
  ADD CONSTRAINT `mill_tbl_ibfk_1` FOREIGN KEY (`member_id`) REFERENCES `members` (`member_id`) ON DELETE CASCADE ON UPDATE CASCADE;
COMMIT;

/*!40101 SET CHARACTER_SET_CLIENT=@OLD_CHARACTER_SET_CLIENT */;
/*!40101 SET CHARACTER_SET_RESULTS=@OLD_CHARACTER_SET_RESULTS */;
/*!40101 SET COLLATION_CONNECTION=@OLD_COLLATION_CONNECTION */;
